1,-
2,-
3,-
4,-
5,-
6,-
7,-
8,-
9,-
10,-
11,-
12,-
13,-
14,-
15,-
16,-
17,-
18,-
19,-
20,-
21,-
22,-
23,-
24,-
25,-
26,-
27,-
28,-
29,-
30,-
31,-
32,-
33,-
34,-
35,-
36,-
37,-
38,-
39,-
40,-
41,-
42,-
43,-
44,-
45,-
46,-
47,-
48,-
49,-
50,-
51,-
52,-
53,-
54,
55,-
56,-
57,-
58,-
59,-
60,-
61,-
62,-
63,-
64,-
65,-
66,-
67,-
68,-
69,-
70,-
71,-
72,-
73,-
74,-
75,-
76,-
77,-
78,-
79,-
80,-
81,-
82,-
83,-
84,-
85,-
86,-
87,-
88,
89,-
90,
91,-
92,III
93,II7
94,IIP
95,III
96,IIII
97,-
98,-
99,III
100,I9I
101,I98
102,III
103,IIIIII
104,I98
105,I98
106,
107,I9I3
108,19I37
109,I9I3
110,II8
111,198
112,I81
113,9837
114,I98
115,198
116,19837
117,I9837
118,I9837
119,198I7
120,I9837
121,19837
122,19837
123,19837
124,I9837
125,19837
126,19837
127,19837
128,19837
129,19837
130,I9837
131,I9837
132,19837
133,19837
134,19837
135,19837
136,19837
137,19837
138,19837
139,D319837
140,19837
141,19837
142,19837
143,19837
144,19837
145,19837
146,19837
147,19837
148,19837
149,19837
150,19837
151,19837
152,19B37
153,19837
154,19837
155,19837
156,19837
157,I9837
158,I9837
159,19837
160,I9837
161,19837
162,I9837
163,I9837
164,19837
165,KI9837
166,I9837
167,119837
168,19837
169,I9837
170,19837
171,I9837
172,19837
173,19837
174,19837
175,19837
176,19837
177,19837
178,19837
179,19837
180,19837
181,19837
182,19837
183,19837
184,19837
185,19837
186,19837
187,19837
188,19837
189,19837
190,19837
191,19837
192,19837
193,I9837A
194,I9837A
195,I98374
196,29837A
197,198377Z
198,298377A
199,19837
200,19837
201,19837
202,19837
203,19837
204,19837
205,I9837
206,I98377D
207,I28377D
208,19837
209,I28377
210,19837
211,I98J77
212,298377D
213,I28377D
214,29837D
215,I9837
216,298377D
217,128J7D
218,9837
219,1937
220,10II7
221,-
222,-
223,-
224,-
225,-
226,-
227,-
228,-
229,-
230,-
231,-
232,-
233,-
234,-
235,
236,JI7
237,-
238,-
239,
240,-
241,-
242,-
243,-
244,
245,XXV
246,-
247,VXV
248,-
249,YNK
250,
251,XNY
252,YNK
253,YNY
254,YXY
255,
256,700ZI
257,LV047
258,J7U57
259,27857
260,UJ9837
261,I9837
262,J9837
263,J9837
264,J9837
265,J9837
266,J9837
267,J9837
268,J9837
269,J9837
270,IJ9837
271,J9837
272,J9837
273,J9837
274,UJ9837
275,J9837
276,J9837
277,J9837
278,J9837
279,J9837
280,J9837
281,J9837
282,J2837
283,J9837
284,J9837
285,J9837
286,J9837
287,19837
288,J2837
289,J9837
290,J9837
291,J9837
292,J9837
293,19837
294,J9837
295,J9837
296,J9837
297,J9837
298,J9837
299,J9837
300,J9837
301,J9837
302,J9837
303,J9837
304,J9837
305,J9837
306,J9837
307,J9837
308,J9837
309,J9837
310,J9837
311,J9837
312,J9837
313,J9837
314,J9837
315,J9837
316,JJ9837
317,J9837
318,J9837
319,J9837
320,J9837
321,J9837
322,J9837
323,J9837
324,J9837
325,J9837
326,J9837
327,19837
328,J9837
329,J9837
330,J9837
331,19837
332,J9837
333,J9837
334,29837
335,J9837
336,J9837
337,J9837
338,J9837
339,J9837
340,J9837
341,J9837
342,J9837
343,J9837
344,J9837
345,J9837
346,J9837
347,J9837
348,J9837
349,J9837
350,J9837
351,J9837
352,J9837
353,J9837
354,J9837
355,19837
356,J9837
357,J9837
358,J9837
359,J9837
360,J9837
361,J9837
362,J9837
363,J9837
364,J9837
365,J9837
366,J9837
367,J9837
368,J9837
369,J9837
370,J9837
371,J9837
372,J9837
373,J9837
374,J9837
375,J9837
376,J9837
377,J9837
378,J9837
379,J9837
380,J7837
381,J9837
382,J7837
383,19837
384,J9837
385,J9837
386,J9837
387,J9837
388,1I9837
389,J9837
390,QJ9837
391,J9837
392,J9837
393,J9837
394,J9837
395,J9837
396,J9837
397,J7837
398,J9837
399,J9837
400,Q29837
401,J9837
402,Q29837
403,J9837
404,J9837
405,J9837
406,QJ9837
407,J9837
408,QJ9837
409,J9837
410,J9837
411,J9837
412,J9837
413,J9837
414,J9837
415,J9837
416,J9837
417,J9837
418,J9837
419,JJ983
420,J9837
421,JJ983
422,J9837
423,JJ983
424,J9837
425,JJ983
426,J9837
427,JI983
428,J9837
429,JI983
430,J9837
431,J9837
432,J9837
433,J9837
434,J9837
435,J9837
436,J9837
437,J9837
438,J9837
439,J9837
440,J9837
441,J9837
442,J9837
443,J9837
444,J9837
445,I9837
446,J9837
447,J9837
448,J9837
449,19837
450,J9837
451,19837
452,J9837
453,19837
454,J9837
455,19837
456,J9837
457,19837
458,J9837
459,J9837
460,J9837
461,19837
462,J9837
463,19837
464,J9837
465,19837
466,J9837
467,J9837
468,J9837
469,J9837
470,J9837
471,J9837
472,J9837
473,J9837
474,J9837
475,J9837
476,J9837
477,J9837
478,J9837
479,J9837
480,J9837
481,J9837
482,J9837
483,J9837
484,J9837
485,J9837
486,J9837
487,J9837
488,J9837
489,J9837
490,J9837
491,J9837
492,J9837
493,J9837
494,J9837
495,J9837
496,J9837
497,J9837
498,J9837
499,J9837
500,J9837
501,J9837
502,J9837
503,J9837
504,J9837
505,J9837
506,J9837
507,J9837
508,J9837
509,J9837
510,J9837
511,19837
512,J9837
513,I9837
514,J9837
515,I9837
516,QJ983
517,I9837
518,J9837
519,I9837
520,J9837
521,I9837
522,J9837
523,I9837
524,J9837
525,I9837
526,J9837
527,I9837
528,J9837
529,I9837
530,J9837
531,I9837
532,J9837
533,I9837
534,J9837
535,I9837
536,J9837
537,I9837
538,J9837
539,I9837
540,J9837
541,I9837
542,J9837
543,I9837
544,J9837
545,I9837
546,J9837
547,I9837
548,J9837
549,I9837
550,J9837
551,I9837
552,J9837
553,I9837
554,J9837
555,I9837
556,J9837
557,I9837
558,J9837
559,I9837
560,J9837
561,I9837
562,J9837
563,I9837
564,J9837
565,I9837
566,J9837
567,I9837
568,J9837
569,I9837
570,J9837
571,I9837
572,J9837
573,I9837
574,J9837
575,I9837
576,J9837
577,I9837
578,J9837
579,I9837
580,J9837
581,I9837
582,J9837
583,I9837
584,J9837
585,I9837
586,J9837
587,J9837
588,J9837
589,I9837
590,J9837
591,I9837
592,J9837
593,I9837
594,J9837
595,I9837
596,J9837
597,J9837
598,J9837
599,NJ9837
600,J9837
601,I9837
602,J9837
603,I9837
604,J9837
605,J9837
606,J9837
607,I9837
608,J9837
609,J9837
610,J9837
611,J9837
612,J9837
613,J9837
614,J9837
615,WJ9837
616,J9837
617,J9837
618,J9837
619,J9837
620,J9837
621,NJ9837
622,J9837
623,NJ9837
624,J9837
625,NJ9837
626,J9837
627,NJ9837
628,J9837
629,NJ9837
630,J9837
631,NJ9837
632,J9837
633,NJ9837
634,J9837
635,I9837
636,J9837
637,I9837
638,J9837
639,I9837
640,J9837
641,J9837
642,L2983
643,J9837
644,J9837
645,J9837
646,LJ983
647,J9837
648,J9837
649,J9837
650,19837
651,J9837
652,19837
653,J9837
654,19837
655,J9837
656,19837
657,J9837
658,19837
659,J9837
660,19837
661,J9837
662,19837
663,J9837
664,19837
665,J9837
666,J9837
667,J9837
668,J9837
669,J9837
670,J9837
671,J9837
672,19837
673,J9837
674,19837
675,J9837
676,19837
677,J9837
678,J9837
679,J9837
680,19837
681,J9837
682,19837
683,J9837
684,19837
685,J9837
686,J9837
687,J9837
688,J9837
689,J9837
690,J9837
691,J9837
692,J9837
693,J9837
694,J9837
695,J9837
696,J9837
697,J9837
698,J9837
699,J9837
700,J9837
701,J7837
702,J9837
703,J7837
704,LJ9837
705,J9837
706,J9837
707,J9837
708,U19837
709,J9837
710,J9837
711,J9837
712,J9837
713,J9837
714,J9837
715,J9837
716,LJ9837
717,J9837
718,J9837
719,J9837
720,J9837
721,J9837
722,J9837
723,J9837
724,J9837
725,J9837
726,J9837
727,J9837
728,J9837
729,J9837
730,J9837
731,J9837
732,J9837
733,J9837
734,J9837
735,J9837
736,J9837
737,J9837
738,J9837
739,19837
740,J9837
741,J9837
742,J9837
743,J9837
744,J9837
745,J9837
746,J9837
747,J9837
748,J9837
749,J9837
750,J9837
751,J9837
752,J9837
753,J9837
754,J9837
755,J9837
756,J9837
757,J9837
758,J9837
759,J9837
760,J9837
761,J9837
762,J9837
763,J9837
764,J9837
765,J9837
766,J9837
767,J9837
768,J9837
769,1J9837
770,J9837
771,1I9837
772,7J9837
773,I9837
774,J9837
775,I9837
776,J9837
777,I9837
778,4J9837
779,I9837
780,4J9837
781,I9837
782,729837
783,I9837
784,429837
785,6J9837
786,1J9837
787,I9837
788,IJ9837
789,I9837
790,IJ9837
791,I9837
792,IJ9837
793,I9837
794,429837
795,I9837
796,429837
797,GI9837
798,429837
799,I9837
800,QJ9837
801,19837
802,429837
803,I9837
804,429837
805,I9837
806,729837
807,I9837
808,429837
809,I9837
810,J29837
811,I9837
812,J29837
813,I9837
814,729837
815,I9837
816,429837
817,I9837
818,J29837
819,I9837
820,J29837
821,I9837
822,J29837
823,I9837
824,JJ9837
825,I9837
826,J19837
827,I9837
828,J19837
829,I9837
830,KJ19837
831,I9837
832,KJ19837
833,I9837
834,KJ19837
835,I9837
836,KJJ9837
837,I9837
838,KJJ9837
839,I9837
840,L7J9837
841,I9837
842,7J9837
843,I9837
844,Y4J9837
845,I9837
846,Y4J9837
847,I9837
848,7J9837
849,I9837
850,4J9837
851,I9837
852,4J9837
853,6I9837
854,1J9837
855,6I9837
856,1J9837
857,I9837
858,1J9837
859,I9837
860,7J9837
861,I9837
862,7J9837
863,I9837
864,7J9837
865,I9837
866,QJ9837
867,I9837
868,4J9837
869,I9837
870,4J9837
871,I9837
872,7J9837
873,I9837
874,7J9837
875,I9837
876,7J9837
877,I9837
878,QJ9837
879,I9837
880,7J9837
881,I9837
882,JJ9837
883,I9837
884,4J9837
885,I9837
886,7J9837
887,I9837
888,7J9837
889,I9837
890,4J9837
891,I9837
892,719837
893,I9837
894,4J9837
895,I9837
896,719837
897,I9837
898,QJ9837
899,I9837
900,4J9837
901,I9837
902,4J9837
903,I9837
904,QJ9837
905,I9837
906,493
907,I9837
908,QJ9837
909,I9837
910,J9837
911,I9837
912,4J9837
913,I9837
914,QJ9837
915,I9837
916,J9837
917,I9837
918,J9837
919,I9837
920,J9837
921,I9837
922,J9837
923,I9837
924,J9837
925,J9837
926,J9837
927,I9837
928,J9837
929,I9837
930,J9837
931,I9837
932,J9837
933,I9837
934,J9837
935,J9837
936,J9837
937,I9837
938,J9837
939,I9837
940,J9837
941,I9837
942,J9837
943,J9837
944,J9837
945,J9837
946,J9837
947,J9837
948,J9837
949,J9837
950,J9837
951,J9837
952,J9837
953,J9837
954,J9837
955,J9837
956,J9837
957,I9837
958,J9837
959,J9837
960,J9837
961,J9837
962,J9837
963,J9837
964,J9837
965,J9837
966,J9837
967,J9837
968,J9837
969,J9837
970,J9837
971,J9837
972,J9837
973,J9837
974,J9837
975,J9837
976,J9837
977,J9837
978,J9837
979,J9837
980,J9837
981,J9837
982,J9837
983,J9837
984,J9837
985,J9837
986,J9837
987,J9837
988,J9837
989,J9837
990,J9837
991,J9837
992,J9837
993,J9837
994,J9837
995,J9837
996,J9837
997,I9837
998,J9837
999,I9837
1000,J9837
1001,I9837
1002,J9837
1003,I9837
1004,J9837
1005,I9837
1006,J9837
1007,I9837
1008,J9837
1009,J9837
1010,J9837
1011,J9837
1012,J9837
1013,J9837
1014,J9837
1015,J9837
1016,J9837
1017,J9837
1018,J9837
1019,J9837
1020,J9837
1021,J9837
1022,J9837
1023,J9837
1024,J9837
1025,J9837
1026,J9837
1027,J9837
1028,J9837
1029,J9837
1030,J9837
1031,J9837
1032,J9837
1033,J9837
1034,J9837
1035,J9837
1036,J9837
1037,J9837
1038,J9837
1039,J9837
1040,J9837
1041,J9837
1042,J9837
1043,J9837
1044,J9837
1045,J9837
1046,J9837
1047,J9837
1048,J9837
1049,J9837
1050,J9837
1051,J9837
1052,J9837
1053,J9837
1054,J9837
1055,J9837
1056,J9837
1057,J9837
1058,J9837
1059,J9837
1060,J9837
1061,J9837
1062,J9837
1063,J9837
1064,J9837
1065,J9837
1066,J9837
1067,J9837
1068,J9837
1069,J9837
1070,J9837
1071,J9837
1072,J9837
1073,J9837
1074,J9837
1075,J9837
1076,J9837
1077,J9837
1078,J9837
1079,J9837
1080,J9837
1081,J9837
1082,J9837
1083,J9837
1084,J9837
1085,J9837
1086,J9837
1087,J9837
1088,J9837
1089,J9837
1090,J9837
1091,J9837
1092,J9837
1093,J9837
1094,J9837
1095,J9837
1096,J9837
1097,J9837
1098,J9837
1099,J9837
1100,J9837
1101,J9837
1102,J9837
1103,J9837
1104,J9837
1105,J9837
1106,J9837
1107,J9837
1108,J9837
1109,J9837
1110,J9837
1111,J9837
1112,J9837
1113,J9837
1114,J9837
1115,J9837
1116,J9837
1117,J9837
1118,J9837
1119,J9837
1120,J9837
1121,J9837
1122,J9837
1123,J9837
1124,J9837
1125,I9837
1126,J9837
1127,I9837
1128,J9837
1129,I9837
1130,J9837
1131,I9837
1132,J9837
1133,I9837
1134,J9837
1135,I9837
1136,J9837
1137,I9837
1138,J9837
1139,I9837
1140,J9837
1141,I9837
1142,J9837
1143,I9837
1144,J9837
1145,I9837
1146,J9837
1147,I9837
1148,J9837
1149,I9837
1150,J9837
1151,I9837
1152,J9837
1153,J9837
1154,J9837
1155,J9837
1156,J9837
1157,J9837
1158,J9837
1159,I9837
1160,J9837
1161,I9837
1162,J9837
1163,J9837
1164,J9837
1165,J9837
1166,J9837
1167,J9837
1168,J9837
1169,QJ9837
1170,J9837
1171,QJ9837
1172,J9837
1173,QJ9837
1174,J9837
1175,QJ9837
1176,J9837
1177,J9837
1178,J9837
1179,J9837
1180,J9837
1181,QJ9837
1182,J9837
1183,QJ9837
1184,J9837
1185,QJ9837
1186,J9837
1187,UJ9837
1188,J9837
1189,QJ9837
1190,J9837
1191,QJ9837
1192,J9837
1193,I9837
1194,J9837
1195,I9837
1196,J9837
1197,J9837
1198,J9837
1199,I9837
1200,J9837
1201,I9837
1202,J9837
1203,I9837
1204,J9837
1205,I9837
1206,J9837
1207,I9837
1208,LJ9837
1209,I9837
1210,LJ9837
1211,I9837
1212,LJ9837
1213,J9837
1214,LJ9837
1215,J9837
1216,LJ9837
1217,J9837
1218,LJ9837
1219,J9837
1220,LJ9837
1221,J9837
1222,LJ9837
1223,I9837
1224,LJ9837
1225,I9837
1226,LJ9837
1227,I9837
1228,LJ9837
1229,J9837
1230,LJ9837
1231,J9837
1232,LJ9837
1233,J9837
1234,LJ9837
1235,J9837
1236,LJ9837
1237,J9837
1238,J9837
1239,J9837
1240,LJ9837
1241,J9837
1242,LJ9837
1243,J9837
1244,1J9837
1245,J9837
1246,1J9837
1247,J9837
1248,1J9837
1249,J9837
1250,1J9837
1251,J9837
1252,1J9837
1253,J9837
1254,1J9837
1255,J9837
1256,J9837
1257,J9837
1258,J9837
1259,J9837
1260,J9837
1261,J9837
1262,J9837
1263,J9837
1264,J9837
1265,J9837
1266,J9837
1267,J9837
1268,J9837
1269,J9837
1270,J9837
1271,J9837
1272,J9837
1273,J9837
1274,J9837
1275,J9837
1276,J9837
1277,J9837
1278,J9837
1279,J9837
1280,J9837
1281,QJ9837
1282,JJ9837
1283,J9837
1284,J9837
1285,J9837
1286,QJ9837
1287,QJ9837
1288,J9837
1289,QJ9837
1290,1J9837
1291,QJ9837
1292,J9837
1293,QJ9837
1294,QJ9837
1295,QJ9837
1296,QJ9837
1297,J9837
1298,QJ9837
1299,J9837
1300,QJ9837
1301,J9837
1302,QJ9837
1303,J9837
1304,QJ9837
1305,J9837
1306,QJ9837
1307,J9837
1308,QJ9837
1309,J9837
1310,QJ9837
1311,J9837
1312,J9837
1313,J9837
1314,QJ9837
1315,J9837
1316,QJ9837
1317,J9837
1318,QJ9837
1319,J9837
1320,QJ9837
1321,J9837
1322,QJ9837
1323,J9837
1324,QJ9837
1325,J9837
1326,QJ9837
1327,J9837
1328,QJ9837
1329,J9837
1330,QJ9837
1331,J9837
1332,QJ9837
1333,J9837
1334,J9837
1335,J9837
1336,J9837
1337,J9837
1338,QJ9837
1339,J9837
1340,J9837
1341,J9837
1342,J9837
1343,J9837
1344,J9837
1345,J9837
1346,J9837
1347,J9837
1348,J9837
1349,J9837
1350,J9837
1351,QJ9837
1352,QJ9837
1353,UJ9837
1354,QJ9837
1355,QJ9837
1356,J9837
1357,QJ9837
1358,CJ9837
1359,QJ9837
1360,J9837
1361,J9837
1362,C983
1363,19837
1364,J9837
1365,J9837
1366,J9837
1367,J9837
1368,J9837
1369,J9837
1370,J9837
1371,J9837
1372,J9837
1373,J7837
1374,J9837
1375,J9837
1376,J9837
1377,J9837
1378,J7837
1379,J9837
1380,19837
1381,J9837
1382,J9837
1383,J9837
1384,J9837
1385,J9837
1386,J9837
1387,J9837
1388,J9837
1389,J9837
1390,JJ9837
1391,J9837
1392,J19837
1393,J9837
1394,J9837
1395,J9837
1396,JJ9837
1397,J9837
1398,J9837
1399,J9837
1400,RJ983
1401,J9837
1402,J9837
1403,J9837
1404,J9837
1405,J9837
1406,J9837
1407,J9837
1408,0J9837
1409,J9837
1410,J9837
1411,J9837
1412,J9837
1413,I9837
1414,J9837
1415,J9837
1416,J9837
1417,J9837
1418,J9837
1419,J9837
1420,RJ9837
1421,J9837
1422,F19837
1423,J9837
1424,J9837
1425,J9837
1426,J937
1427,J9837
1428,J9837
1429,1QB
1430,
1431,J7UJ7
1432,J9837
1433,J9837
1434,J9837
1435,29837
1436,J9837
1437,J9837
1438,J983Z
1439,J9837
1440,JP837
1441,J983Z
1442,X283
1443,QB3
1444,IIJ
1445,IIJ
1446,II4
1447,III
1448,IIIP4
1449,IIIIIJ
1450,I7AX
1451,Y57
1452,III4I
1453,IIJ7
1454,XXZ
1455,IIIII
1456,IIII
1457,FYL
1458,IIIJII
1459,XANK
1460,NQ1V
1461,IIIJJ
1462,IIIJJ
1463,III
1464,IIIII
1465,IIIJII
1466,III6IJ
1467,XOL
1468,IIIII
1469,IIII
1470,I4IJ4
1471,IIII4
1472,IIIPIJ7
1473,IIIII
1474,I4II4I
1475,I4II1I
1476,I4IJII
1477,III4IX
1478,IIIJ4I
1479,I4604I
1480,III04I
1481,IIII4I
1482,III44I
1483,I468II
1484,I4IIII
1485,I4IJ4I
1486,I46J4I
1487,I4IJ4I
1488,I4IP4I
1489,I4IP4I
1490,I4IJ4I
1491,I4IP4I
1492,I4IP4I
1493,I4IJ4I
1494,I4FJ4I
1495,I4I44I
1496,I4F44I
1497,I4644I
1498,I4IJ4I
1499,I4644I
1500,I4IJ4I
1501,I4IJ4I
1502,I46J4I
1503,I4IJ4I
1504,I4I84I
1505,I4F84I
1506,I4I84I
1507,I4IJ4I
1508,I4I04I
1509,I4684I
1510,I46P4I
1511,I4I84I
1512,I4684I
1513,I4I84I
1514,I4I848
1515,I4S845
1516,I4I84I
1517,I48848
1518,I4I84I
1519,I46J4I
1520,I46045
1521,I48848
1522,I4884I
1523,I4IJ48
1524,I4684I
1525,I48U48
1526,I4884I
1527,I4684I
1528,I46848
1529,I48848
1530,I4I848
1531,I48J48
1532,I48848
1533,I46848
1534,I4I848
1535,I4SP4I
1536,I48848
1537,I46848
1538,I46U48
1539,I46J48
1540,I46848
1541,J4SU48
1542,146U48
1543,I4SJ48
1544,14I848
1545,14884I
1546,I4I848
1547,I48B4I
1548,I48B48
1549,I46848
1550,I46848
1551,I48J48
1552,I46048
1553,I4S848
1554,J48848
1555,I48848
1556,I48048
1557,I48048
1558,I46848
1559,I46848
1560,I48848
1561,I48U48
1562,I46848
1563,J46848
1564,I48848
1565,I46U48
1566,I48848
1567,I46948
1568,I46848
1569,I4848
1570,I46848
1571,I48J48
1572,I48848
1573,I46848
1574,I46U48
1575,I46848
1576,I48U48
1577,I46048
1578,I48848
1579,I48848
1580,I48848
1581,I48848
1582,I46848
1583,I46U48
1584,I48848
1585,146848
1586,I48848
1587,148848
1588,I46848
1589,146848
1590,146848
1591,I46848
1592,II46848
1593,II46U48
1594,4884B
1595,8848
1596,II48B48
1597,48B4
1598,8P48
1599,N048
1600,A8ZP
1601,I0ZI
1602,II01
1603,UIII
1604,IQIII
1605,U90
1606,50UQ0L
1607,7VVVPI
1608,I0IIIL
1609,0UIIID
1610,I46848
1611,J46J48
1612,148P48
1613,LIDIIID
1614,146U48
1615,I46P48
1616,I46848
1617,I0IIID
1618,146848
1619,IQI1ID
1620,I48848
1621,IVIIID
1622,IVIIIL
1623,7VVVPI
1624,IVIIID
1625,I0IIID
1626,II41ZP
1627,IUIIID
1628,I48P48
1629,146P48
1630,7VVVPI
1631,14FP48
1632,IVIIIL
1633,IUI1IU
1634,14FP4F
1635,IVIIID
1636,7VVVPI
1637,7VVVPI
1638,7VVVPI
1639,7VVVPI
1640,7VVVPI
1641,7VVVPI
1642,7VVVPI
1643,7VVVPI
1644,YPVI0I
1645,YPVI0I
1646,YPVI0I
1647,YPVI0I
1648,7VVVPI
1649,7VVVPI
1650,7VVVPI
1651,7VVVPI
1652,7VVVPI
1653,7VVVPI
1654,7VVVPI
1655,7VVVPI
1656,7VVVPI
1657,7VVVPI
1658,YPVI0I
1659,7VVVPI
1660,YPVI0I
1661,YPVI0I
1662,YPVI0I
1663,7VVVPI
1664,YPVI0I
1665,YPVYPI
1666,VVVIPI
1667,VVVIPI
1668,YPVYPI
1669,460
1670,YPVIII
1671,VVVIPI
1672,YPVYPI
1673,VVVIPI
1674,YPVIII
1675,YPVYPI
1676,YPVYPI
1677,460
1678,YPVIII
1679,VVVIPI
1680,VVVIPI
1681,YPVIII
1682,-
1683,-
1684,-
1685,-
1686,-
1687,-
1688,-
1689,-
1690,-
1691,-
1692,-
1693,-
1694,-
1695,-
1696,-
1697,-
1698,-
1699,-
1700,-
1701,-
1702,-
1703,-
1704,-
1705,-
1706,-
1707,-
1708,-
1709,-
1710,-
1711,-
1712,-
1713,-
1714,-
1715,-
1716,-
1717,-
1718,-
1719,-
1720,-
1721,-
1722,-
1723,-
1724,-
1725,-
1726,-
1727,-
1728,-
1729,-
1730,-
1731,-
1732,-
1733,-
1734,-
1735,-
1736,-
1737,-
1738,-
1739,-
1740,-
1741,-
1742,-
1743,-
1744,-
1745,-
1746,-
1747,-
1748,-
1749,-
1750,-
1751,-
1752,-
1753,-
1754,-
1755,-
1756,-
1757,-
1758,-
1759,-
1760,-
1761,-
1762,-
1763,-
1764,-
1765,-
1766,-
1767,-
1768,-
1769,-
1770,-
1771,-
1772,-
1773,-
1774,-
1775,-
1776,-
1777,-
1778,-
1779,-
1780,-
1781,-
1782,-
1783,-
1784,-
1785,-
1786,-
1787,-
1788,-
1789,-
1790,-
1791,-
1792,-
1793,-
1794,-
1795,-
1796,-
1797,-
1798,-
1799,-
1800,-
1801,-
1802,-
1803,-
1804,-
1805,-
1806,-
1807,-
1808,-
1809,-
1810,-
1811,-
1812,-
1813,-
1814,-
1815,-
1816,-
1817,-
1818,-
1819,-
1820,-
1821,-
1822,-
1823,-
1824,-
1825,-
1826,-
1827,-
1828,-
1829,-
1830,-
1831,-
1832,-
1833,-
1834,-
1835,-
1836,-
1837,-
1838,-
1839,-
1840,-
1841,-
1842,-
1843,-
1844,-
1845,-
1846,-
1847,-
1848,-
1849,-
1850,-
1851,-
1852,-
1853,K4U
1854,-
1855,7IH
1856,-
1857,-
1858,MII
1859,VII
1860,-
1861,
1862,7IH
1863,7IH
1864,-
1865,N7I
1866,7IR
1867,-
1868,-
1869,7FI
1870,
1871,7II
1872,
1873,M7III
1874,P7II
1875,
1876,
1877,M7I
1878,7IH
1879,7JI
1880,7II
1881,
1882,MII
1883,76I
1884,
1885,
1886,
1887,
1888,MII
1889,
1890,
1891,MII
1892,
1893,
1894,NII
1895,MII
1896,7TH
1897,MII
1898,
1899,MIII
1900,NII
1901,MII
1902,
1903,MII
1904,
1905,HII
1906,
1907,MFII
1908,MII
1909,M6II
1910,NII
1911,HII
1912,MII
1913,M6I
1914,MII
1915,N6I
1916,M6I
1917,N6I
1918,MII
1919,MII
1920,MII
1921,M6I
1922,-
1923,-
1924,7III
1925,III
1926,-
1927,-
1928,-
1929,-
1930,-
1931,-
1932,-
1933,-
1934,-
1935,-
1936,-
1937,-
1938,-
1939,-
1940,HHHH
1941,BUUHH
1942,DLU
1943,DULULDLDH
1944,68II
1945,H76811
1946,H76811
1947,H76811
1948,H76811
1949,H76811
1950,68II
1951,H76811
1952,H76811
1953,H76811
1954,H76811
1955,H76811
1956,H76811
1957,H76811
1958,H76811
1959,H76811
1960,H76811
1961,H76811
1962,H76811
1963,H76811
1964,H76811
1965,H76811
1966,M88I
1967,H76811
1968,H76811
1969,H76811
1970,H76811
1971,H76811
1972,H76811
1973,H76811
1974,M788I
1975,H76811
1976,H76811
1977,H76811
1978,H76811
1979,H76811
1980,H76811
1981,H76811
1982,H76811
1983,H76811
1984,H76811
1985,H76811
1986,M768I
1987,H76811
1988,68II
1989,1IID
1990,H76811
1991,H76811
1992,M768
1993,H76811
1994,H76811
1995,H76811
1996,H76811
1997,H76811
1998,768I
1999,H76811
2000,M768
2001,H76811
2002,H76811
2003,H76811
2004,H76811
2005,H76811
2006,H76811
2007,H76811
2008,768I
2009,H76811
2010,H76811
2011,H76811
2012,H76811
2013,H76811
2014,H76811
2015,H76811
2016,H76811
2017,H76811
2018,H76811
2019,H76811
2020,M68
2021,ILIID
2022,M68
2023,M768
2024,M68
2025,IIDL
2026,IIDD
2027,IIDL
2028,IIDD
2029,IIDD
2030,M68
2031,IIDD
2032,M788
2033,M768
2034,M768
2035,M768
2036,M768
2037,M768
2038,M768
2039,6IID
2040,M768
2041,6IID
2042,M768
2043,IIDD
2044,M788
2045,IIDL
2046,M768
2047,IIDL
2048,IUQ
2049,M768I
2050,ILD
2051,IILL
2052,IIDD
2053,788I
2054,IIDD
2055,M88I
2056,IID
2057,M88I
2058,IID
2059,M788I
2060,M88I
2061,IIDL
2062,IID
2063,M788I
2064,M68I
2065,IILL
2066,M68I
2067,M788II
2068,M68I
2069,M788I
2070,IIDD
2071,IILL
2072,IIDD
2073,IILD
2074,IID
2075,IILD
2076,IID
2077,M788
2078,IID
2079,M768
2080,M88I
2081,M768I
2082,M68I
2083,M768
2084,M68I
2085,M788
2086,M68I
2087,M788I
2088,M768I
2089,M768I
2090,768I
2091,M768I
2092,M768I
2093,M768I
2094,M768I
2095,788I
2096,768I
2097,M788I
2098,M68I
2099,M788I
2100,M68I
2101,M788
2102,M68I
2103,M788
2104,M68I
2105,788I
2106,M768I
2107,IIDD
2108,M768I
2109,M788I
2110,M768I
2111,M788I
2112,M68I
2113,M788I
2114,M68I
2115,M788I
2116,M768I
2117,M788
2118,M68I
2119,M788I
2120,M68I
2121,M788I
2122,M768I
2123,M788I
2124,M68I
2125,M788
2126,M68I
2127,M788I
2128,M68I
2129,M788
2130,M68I
2131,IID
2132,M68I
2133,IID
2134,M68I
2135,IID
2136,M68I
2137,IID
2138,M68I
2139,IID
2140,M68I
2141,IID
2142,M68I
2143,M788I
2144,M68I
2145,M788I
2146,M68I
2147,M788I
2148,M68I
2149,M788I
2150,M68I
2151,M788I
2152,M68I
2153,M788I
2154,M68I
2155,M768I
2156,M68I
2157,M768I
2158,M68I
2159,M768I
2160,M68I
2161,M768I
2162,M68I
2163,M788I
2164,M68I
2165,M788I
2166,M68I
2167,M788
2168,M68I
2169,M788I
2170,M68I
2171,M788I
2172,M88I
2173,M788
2174,768I
2175,M788
2176,M68I
2177,M768
2178,IDD
2179,M768
2180,M68I
2181,IIDL
2182,M68I
2183,M768
2184,M68I
2185,M768
2186,M68I
2187,1IDL
2188,M88I
2189,IDL
2190,IILD
2191,IDL
2192,LLJLHJL
2193,ULLLLU
2194,LLUUL
2195,LLLLHJL
2196,UUUJULL
2197,ULLLDL
2198,UUUJULL
2199,LJLLLLHH
2200,LJLLLLHH
2201,LLULLL
2202,LLLLLJL
2203,LLLLJJL
2204,LLLLJJL
2205,ULLLDL
2206,LJLLLJHH
2207,LLLLJL
2208,LLLLJL
2209,LLLLJL
2210,LHLLLLH
2211,HLLJLLH
2212,LULLDH
2213,LLLLLL
2214,LJLL
2215,UUUULL
2216,LLLLLL
2217,LHJLHU
2218,LLJLLUU
2219,LLLLLL
2220,M768I
2221,LHLDL
2222,LLLLLLL
2223,M768
2224,LLLLLH
2225,M7B8I
2226,N788I
2227,M768I
2228,M68I
2229,M768I
2230,M68I
2231,IIIIII
2232,IIIII
2233,IIIIIII
2234,IIIIIIIII
2235,IIIIIIIII
2236,IIIIII
2237,M768I
2238,IIIIII
2239,RIIIII
2240,IIIII
2241,IIIIIII
2242,M788I
2243,M768
2244,M768I
2245,M788I
2246,68I
2247,M768II
2248,M68I
2249,M768I
2250,M68I
2251,M768
2252,M768II
2253,7B8I
2254,IIDD
2255,M88I
2256,-
2257,M76I
2258,M7BII
2259,7BJ
2260,M7BII
2261,IM7III
2262,74II
2263,7IIII
2264,7IIII
2265,III
2266,
2267,0UID
2268,IIDL
2269,IIUU
2270,IIDU
2271,IM75II
2272,IIIL
2273,IM788
2274,M7FP
2275,IIUD
2276,M7887
2277,M768I
2278,IUI1I
2279,IIDD
2280,I8IIIL
2281,UIII
2282,M788II
2283,9UIIID
2284,7S8II
2285,76877
2286,M768
2287,IIII
2288,IIIL
2289,0LIII
2290,M768II
2291,M768II
2292,768II
2293,M768I
2294,HLHLLLHHL
2295,HULLJD
2296,IVIII
2297,8UIII
2298,LIIID
2299,IIIII
2300,768I
2301,7H8
2302,7NR
2303,4QI
2304,-
2305,0KXN
2306,
2307,YX
2308,
2309,
2310,-
2311,YXX
2312,-
2313,-
2314,NKQ
2315,XXRQ
2316,
2317,-
2318,-
2319,-
2320,-
2321,IVXXX
2322,KXX
2323,XIP
2324,-
2325,IXX
2326,1N3
2327,VXYA
2328,VXXN7
2329,
2330,Y
2331,
2332,LN7
2333,X5X
2334,I1G
2335,-
2336,-
2337,XX7
2338,XXQ
2339,X1R
2340,-
2341,
2342,1XX
2343,-
2344,
2345,VTA
2346,UJX
2347,
2348,
2349,
2350,-
2351,-
2352,-
2353,63X
2354,
2355,-
2356,
2357,-
2358,-
2359,-
2360,-
2361,XL77
2362,-
2363,-
2364,-
2365,-
2366,-
2367,-
2368,-
2369,-
2370,-
2371,-
2372,-
2373,-
2374,
2375,-
2376,-
2377,-
2378,-
2379,-
2380,-
2381,-
2382,-
2383,-
2384,-
2385,-
2386,-
2387,-
2388,-
2389,-
2390,-
2391,-
2392,-
2393,-
2394,-
2395,-
2396,-
2397,-
2398,-
2399,-
2400,-
2401,-
2402,-
2403,-
2404,-
2405,-
2406,-
2407,-
2408,-
2409,-
2410,-
2411,-
2412,-
2413,-
2414,-
2415,-
2416,-
2417,-
2418,-
2419,-
2420,-
2421,-
2422,-
2423,-
2424,-
2425,-
2426,-
2427,-
2428,-
2429,-
2430,-
2431,-
2432,-
2433,-
2434,-
2435,-
2436,-
2437,-
2438,-
2439,-
2440,-
2441,-
2442,-
2443,-
2444,-
2445,-
2446,-
2447,-
2448,-
2449,-
2450,-
2451,-
2452,-
2453,-
2454,-
2455,-
2456,-
2457,-
2458,-
2459,-
2460,-
2461,-
2462,-
2463,-
2464,-
2465,-
2466,-
2467,-
2468,-
2469,-
2470,-
2471,-
2472,-
2473,-
2474,-
2475,-
2476,-
2477,-
2478,-
2479,-
2480,-
2481,-
2482,-
2483,-
2484,-
2485,-
2486,-
2487,-
2488,-
2489,-
2490,-
2491,-
2492,-
2493,-
2494,-
2495,-
2496,-
2497,-
2498,-
2499,-
2500,-
2501,-
2502,-
2503,-
2504,-
2505,-
2506,-
2507,-
2508,-
2509,-
2510,-
2511,-
2512,-
2513,-
2514,-
2515,-
2516,-
2517,-
2518,-
2519,-
2520,
2521,-
2522,-
2523,-
2524,-
2525,-
2526,-
2527,-
2528,-
2529,-
2530,-
2531,-
2532,-
2533,-
2534,-
2535,
2536,FAIX
2537,-
2538,-
2539,-
2540,-
2541,X7X
2542,
2543,-
2544,-
2545,-
2546,-
2547,-
2548,-
2549,-
2550,-
2551,-
2552,-
2553,-
2554,-
2555,-
2556,-
2557,-
2558,-
2559,-
2560,-
2561,-
2562,-
2563,-
2564,-
2565,-
2566,-
2567,-
2568,-
2569,-
2570,-
2571,-
2572,-
2573,-
2574,-
2575,-
2576,-
2577,-
2578,-
2579,-
2580,-
2581,-
2582,-
2583,-
2584,-
2585,-
2586,-
2587,-
2588,-
2589,
2590,-
2591,-
2592,-
2593,-
2594,-
2595,-
2596,-
2597,-
2598,-
2599,-
2600,-
2601,-
2602,-
2603,
2604,-
2605,-
2606,-
2607,-
2608,-
2609,-
2610,-
2611,-
2612,-
2613,-
2614,
2615,-
2616,
2617,III
2618,
2619,
2620,
2621,
2622,
2623,
2624,
2625,PII
2626,PII
2627,
2628,PII
2629,PII
2630,PII
2631,P9I
2632,
2633,PII
2634,9I1
2635,
2636,PI5
2637,P94
2638,P94
2639,P9I4
2640,P45I
2641,P4I
2642,P4I
2643,P4I
2644,PI4
2645,P9I4
2646,P94
2647,P34
2648,P45
2649,9I45
2650,P34
2651,P945
2652,945
2653,P94
2654,P945
2655,
2656,P94
2657,
2658,PI4
2659,PI4
2660,
2661,PI4
2662,
2663,
2664,
2665,PI4
2666,PI4
2667,P945
2668,
2669,P94
2670,P45
2671,P45
2672,P45
2673,PI4
2674,P94
2675,P945
2676,P945
2677,P945
2678,P945
2679,P45
2680,P945
2681,P945
2682,P945
2683,P945
2684,P9I45
2685,P945
2686,P945
2687,P45
2688,P945
2689,P94
2690,P945
2691,P94
2692,P945
2693,P945
2694,P45
2695,P84
2696,P945
2697,P45
2698,P45
2699,P45
2700,P45
2701,P945
2702,P45
2703,P945
2704,P45
2705,P45
2706,P845
2707,P94
2708,P945
2709,P94
2710,P945
2711,P94
2712,P945
2713,P945
2714,P945
2715,P945
2716,P945
2717,P945
2718,P945
2719,P94
2720,P945
2721,-
2722,-
2723,-
2724,F45
2725,P945
2726,P945
2727,P845
2728,P945
2729,P845
2730,P945
2731,P945
2732,P945
2733,P945
2734,P945
2735,P945
2736,P845
2737,P95
2738,P95
2739,P945
2740,P945
2741,P945
2742,P945
2743,P945
2744,P945
2745,P945
2746,P945
2747,P945
2748,P945
2749,P945
2750,P94
2751,P94
2752,P945
2753,P945
2754,P945
2755,P945
2756,P945
2757,P945
2758,P945
2759,P945
2760,P945
2761,P945
2762,P945
2763,P945
2764,P9I45
2765,P9I45
2766,P9I45
2767,P945
2768,P945
2769,P945
2770,P945
2771,P945
2772,P945
2773,P945
2774,P945
2775,P945
2776,P9I45
2777,P945
2778,P9I45
2779,P9I45
2780,P9I45
2781,IPQIS
2782,III
2783,IF14QI
2784,P840
2785,P945
2786,P9I45
2787,P9I45
2788,P9I45I
2789,P9I45
2790,P945
2791,P9I45
2792,P9I45I
2793,P945
2794,P9I45
2795,P945I
2796,P945I
2797,P945
2798,P945
2799,P9I45I
2800,P9I45I
2801,P945
2802,P9II
2803,P9I45I
2804,QIZ6
2805,P945
2806,P945
2807,F84JI
2808,I0IIL
2809,P9I45I
2810,P9I45
2811,P9I45I
2812,P9I45I
2813,PPI45I
2814,F9I45I
2815,PPI45I
2816,IVIIIL
2817,P9II
2818,P945
2819,P945
2820,P9II
2821,P945
2822,P945
2823,P9II
2824,P9II
2825,P9II
2826,P9II
2827,WVLV
2828,P9II
2829,P9II
2830,P9II
2831,P9II
2832,P9II
2833,P9II
2834,P9II
2835,P9II
2836,P9II
2837,P945
2838,P9II
2839,P9II
2840,P9II
2841,P9II
2842,P9II
2843,P9II
2844,P945
2845,P945
2846,P9II
2847,P945
2848,P9II
2849,P945
2850,P9II
2851,P9II
2852,P9II
2853,P9II
2854,P9II
2855,P9II
2856,P9II
2857,P9II
2858,P9II
2859,P9II
2860,P9II
2861,XP9II
2862,P945
2863,XP9II
2864,P9II
2865,P9II
2866,P9II
2867,-
2868,-
2869,-
2870,-
2871,-
2872,-
2873,
2874,-
2875,-
2876,-
2877,-
2878,-
2879,-
2880,
2881,-
2882,-
2883,-
2884,-
2885,-
2886,-
2887,-
2888,-
2889,4II
2890,JJI
2891,4II
2892,-
2893,-
2894,-
2895,-
2896,-
2897,-
2898,-
2899,-
2900,-
2901,-
2902,-
2903,-
2904,-
2905,-
2906,-
2907,-
2908,-
2909,
2910,-
2911,
2912,-
2913,CU
2914,-
2915,-
2916,-
2917,-
2918,-
2919,-
2920,-
2921,-
2922,-
2923,-
2924,-
2925,-
2926,-
2927,
2928,III
2929,IIII
2930,-
2931,-
2932,-
2933,
2934,-
2935,-
2936,-
2937,-
2938,-
2939,
2940,-
2941,-
2942,-
2943,-
2944,
2945,-
2946,-
2947,-
2948,-
2949,-
2950,-
2951,-
2952,-
2953,-
2954,-
2955,-
2956,-
2957,-
2958,-
2959,-
2960,7I40
2961,-
2962,-
2963,
2964,
2965,-
2966,
2967,-
2968,-
2969,-
2970,-
2971,-
2972,-
2973,-
2974,-
2975,-
2976,-
2977,-
2978,-
2979,-
2980,-
2981,-
2982,-
2983,-
2984,-
2985,-
2986,-
2987,-
2988,-
2989,IIL
2990,-
2991,-
2992,KK4
2993,-
2994,A71
2995,-
2996,
2997,JJL
2998,FL4
2999,
3000,-
3001,-
3002,-
3003,-
3004,-
3005,-
3006,-
3007,-
3008,I77
3009,I77
3010,-
3011,-
3012,I77
3013,
3014,-
3015,-
3016,-
3017,-
3018,-
3019,
3020,
3021,-
3022,IL7
3023,IL7
3024,-
3025,-
3026,-
3027,-
3028,-
3029,-
3030,-
3031,-
3032,-
3033,7LZ
3034,-
3035,-
3036,-
3037,-
3038,-
3039,-
3040,-
3041,-
3042,-
3043,
3044,-
3045,-
3046,-
3047,-
3048,-
3049,-
3050,I7I
3051,I7X0
3052,
3053,7X7
3054,-
3055,-
3056,-
3057,-
3058,
3059,-
3060,-
3061,-
3062,-
3063,
3064,
3065,
3066,
3067,
3068,
3069,-
3070,-
3071,
3072,IZI
3073,-
3074,-
3075,-
3076,-
3077,-
3078,-
3079,-
3080,-
3081,-
3082,-
3083,-
3084,-
3085,-
3086,-
3087,-
3088,-
3089,-
3090,-
3091,-
3092,-
3093,-
3094,-
3095,Y57
3096,-
3097,-
3098,-
3099,-
3100,-
3101,-
3102,-
3103,-
3104,-
3105,-
3106,-
3107,-
3108,-
3109,-
3110,-
3111,-
3112,-
3113,-
3114,-
3115,-
3116,-
3117,-
3118,-
3119,-
3120,-
3121,-
3122,-
3123,-
3124,IIC
3125,ISC
3126,IIC
3127,-
3128,-
3129,-
3130,-
3131,-
3132,-
3133,-
3134,-
3135,
3136,-
3137,-
3138,-
3139,
3140,-
3141,-
3142,-
3143,-
3144,-
3145,-
3146,-
3147,-
3148,-
3149,-
3150,-
3151,-
3152,-
3153,-
3154,-
3155,-
3156,-
3157,-
3158,-
3159,-
3160,-
3161,IIY
3162,SIC
3163,
3164,IIIC
3165,
3166,
3167,-
3168,-
3169,-
3170,-
3171,-
3172,-
3173,-
3174,-
3175,-
3176,-
3177,-
3178,-
3179,-
3180,-
3181,-
3182,-
3183,-
3184,-
3185,-
3186,-
3187,-
3188,-
3189,-
3190,-
3191,-
3192,-
3193,-
3194,-
3195,-
3196,-
3197,-
3198,-
3199,-
3200,-
3201,-
3202,-
3203,-
3204,-
3205,-
3206,-
3207,-
3208,-
3209,-
3210,-
3211,
3212,-
3213,-
3214,-
3215,-
3216,-
3217,
3218,
3219,-
3220,-
3221,-
3222,-
3223,-
3224,-
3225,-
3226,-
3227,-
3228,-
3229,-
3230,-
3231,-
3232,-
3233,-
3234,-
3235,-
3236,-
3237,-
3238,-
3239,-
3240,-
3241,-
3242,-
3243,-
3244,-
3245,-
3246,-
3247,-
3248,-
3249,-
3250,-
3251,-
3252,-
3253,-
3254,-
3255,-
3256,-
3257,-
3258,-
3259,-
3260,-
3261,-
3262,-
3263,-
3264,-
3265,-
3266,-
3267,-
3268,-
3269,-
3270,-
3271,-
3272,-
3273,-
3274,-
3275,-
3276,-
3277,-
3278,-
3279,-
3280,-
3281,-
3282,
3283,
3284,-
3285,-
3286,-
3287,-
3288,-
3289,-
3290,-
3291,-
3292,-
3293,-
3294,-
3295,-
3296,-
3297,-
3298,-
3299,-
3300,-
3301,-
3302,-
3303,-
3304,-
3305,
3306,-
3307,-
3308,-
3309,-
3310,-
3311,-
3312,-
3313,-
3314,-
3315,-
3316,-
3317,-
3318,-
3319,-
3320,-
3321,-
3322,-
3323,-
3324,-
3325,-
3326,-
3327,-
3328,-
3329,-
3330,-
3331,-
3332,-
3333,-
3334,-
3335,-
3336,-
3337,-
3338,-
3339,-
3340,-
3341,-
3342,-
3343,-
3344,-
3345,-
3346,-
3347,-
3348,-
3349,-
3350,-
3351,-
3352,-
3353,-
3354,-
3355,-
3356,-
3357,-
3358,-
3359,-
3360,-
3361,-
3362,-
3363,-
3364,-
3365,-
3366,-
3367,-
3368,-
3369,-
3370,-
3371,-
3372,-
3373,-
3374,-
3375,-
3376,-
3377,-
3378,-
3379,-
3380,-
3381,-
3382,-
3383,-
3384,-
3385,-
3386,-
3387,-
3388,-
3389,-
3390,-
3391,-
3392,-
3393,-
3394,-
3395,-
3396,-
3397,-
3398,-
3399,-
3400,-
3401,-
3402,-
3403,-
3404,-
3405,-
3406,-
3407,-
3408,-
3409,-
3410,-
3411,-
3412,-
3413,-
3414,-
3415,-
3416,-
3417,-
3418,-
3419,-
3420,-
3421,-
3422,-
3423,-
3424,-
3425,-
3426,-
3427,-
3428,-
3429,-
3430,-
3431,-
3432,-
3433,-
3434,-
3435,-
3436,-
3437,-
3438,-
3439,-
3440,-
3441,-
3442,-
3443,-
3444,-
3445,
3446,-
3447,-
3448,
3449,
3450,
3451,-
3452,-
3453,-
3454,-
3455,-
3456,-
3457,-
3458,-
3459,-
3460,-
3461,-
3462,-
3463,-
3464,-
3465,-
3466,-
3467,-
3468,-
3469,-
3470,-
3471,-
3472,-
3473,-
3474,-
3475,-
3476,-
3477,-
3478,-
3479,-
3480,-
3481,
3482,-
3483,-
3484,-
3485,-
3486,-
3487,-
3488,-
3489,
3490,
3491,-
3492,-
3493,-
3494,-
3495,-
3496,-
3497,-
3498,-
3499,-
3500,-
3501,-
3502,-
3503,-
3504,-
3505,-
3506,-
3507,-
3508,-
3509,-
3510,-
3511,-
3512,-
3513,-
3514,-
3515,-
3516,-
3517,-
3518,-
3519,-
3520,-
3521,-
3522,-
3523,-
3524,-
3525,-
3526,-
3527,-
3528,-
3529,-
3530,-
3531,-
3532,-
3533,-
3534,-
3535,-
3536,-
3537,-
3538,-
3539,-
3540,-
3541,-
3542,-
3543,-
3544,-
3545,-
3546,-
3547,-
3548,-
3549,-
3550,-
3551,-
3552,-
3553,-
3554,-
3555,-
3556,-
3557,-
3558,-
3559,-
3560,-
3561,-
3562,-
3563,-
3564,-
3565,-
3566,-
3567,-
3568,-
3569,-
3570,-
3571,-
3572,-
3573,-
3574,-
3575,-
3576,-
3577,-
3578,-
3579,-
3580,-
3581,-
3582,-
3583,-
3584,-
3585,-
3586,-
3587,-
3588,-
3589,-
3590,-
3591,-
3592,-
3593,-
3594,-
3595,-
3596,-
3597,-
3598,-
3599,-
3600,-
3601,-
3602,-
3603,-
3604,-
3605,-
3606,-
3607,-
3608,-
3609,-
3610,
3611,-
3612,-
3613,-
3614,-
3615,-
3616,-
3617,-
3618,-
3619,-
3620,-
3621,-
3622,-
3623,-
3624,-
3625,-
3626,-
3627,-
3628,-
3629,-
3630,-
3631,-
3632,-
3633,-
3634,-
3635,-
3636,-
3637,-
3638,-
3639,-
3640,-
3641,-
3642,-
3643,-
3644,-
3645,-
3646,-
3647,-
3648,-
3649,-
3650,-
3651,-
3652,-
3653,-
3654,-
3655,-
3656,-
3657,-
3658,-
3659,-
3660,-
3661,-
3662,-
3663,-
3664,YYY
3665,-
3666,-
3667,-
3668,-
3669,-
3670,-
3671,-
3672,-
3673,-
3674,-
3675,-
3676,-
3677,-
3678,-
3679,-
3680,-
3681,-
3682,Y7Y
3683,-
3684,-
3685,-
3686,-
3687,-
3688,77Y
3689,-
3690,77Y
3691,-
3692,-
3693,-
3694,-
3695,-
3696,-
3697,-
3698,-
3699,-
3700,-
3701,-
3702,-
3703,-
3704,-
3705,-
3706,-
3707,-
3708,-
3709,-
3710,-
3711,-
3712,-
3713,-
3714,-
3715,-
3716,7YY
3717,-
3718,
3719,XYY
3720,-
3721,-
3722,-
3723,-
3724,-
3725,-
3726,-
3727,-
3728,-
3729,-
3730,-
3731,-
3732,-
3733,-
3734,-
3735,-
3736,-
3737,-
3738,-
3739,-
3740,-
3741,-
3742,-
3743,-
3744,-
3745,-
3746,-
3747,-
3748,-
3749,-
3750,-
3751,-
3752,-
3753,-
3754,-
3755,-
3756,-
3757,-
3758,
3759,
3760,-
3761,-
3762,-
3763,-
3764,-
3765,-
3766,-
3767,-
3768,-
3769,-
3770,-
3771,-
3772,-
3773,-
3774,-
3775,-
3776,-
3777,-
3778,-
3779,-
3780,-
3781,-
3782,-
3783,-
3784,-
3785,-
3786,-
3787,-
3788,-
3789,-
3790,-
3791,-
3792,-
3793,-
3794,-
3795,-
3796,-
3797,-
3798,-
3799,-
3800,-
3801,-
3802,-
3803,-
3804,-
3805,-
3806,-
3807,-
